cultivos,evaluacion_definitiva_semestre_a2013_area_sembr_ha,evaluacion_definitiva_semestre_a2013_area_cosech_ha,evaluacion_definitiva_semestre_a2013_produc_ton,evaluacion_definitiva_semestre_a2013_rendim_tha,evaluacion_definitiva_semestre_a2013_precio_al_producr_ton,evaluacion_definitiva_semestre_a2013_costos_de_produc_ha,evaluacion_definitiva_semestre_a2013_calific_rendim_ento_a,evaluacion_definitiva_semestre_a2013_m,evaluacion_definitiva_semestre_a2013_b,semestre_b2013_area_sembr_ha,semestre_b2013_area_cosech_ha,semestre_b2013_produc_esperad_ton,semestre_b2013_rendim_tha,semestre_b2013_precio_al_producr_ton,semestre_b2013_costos_de_produc_ha,consolidado_evaluacion_ano_2013_area_sembr_ha,consolidado_evaluacion_ano_2013_area_cosech_ha,consolidado_evaluacion_ano_2013_esperad_ton,consolidado_evaluacion_ano_2013_produc_rendim_tha,consolidado_evaluacion_ano_2013_del_produc,consolidado_evaluacion_ano_2013_estado_precio_al_producr_ton,consolidado_evaluacion_ano_2013_costos_de_produc_ha,pronostico_semestre_a2014_area_sembr_ha,pronostico_semestre_a2014_area_cosech_ha,pronostico_semestre_a2014_esperad_ton,pronostico_semestre_a2014_produc_tha,ano_vigencia
algodon,2230.1799999999998,2146.3600000000001,6157.7704400000002,2.86893645054884,2255000,5966415.2195071401,,,,0,0,0,0,0,0,2230.1799999999998,2146.3599999999997,6157.7704400000002,2.868936450548837,SEMILLA,2255000,5966415.2195071373,0,0,0,0,2011
algodon,1454.5899999999999,1454.5899999999999,4152.6859999999997,2.85488419417155,1942500,4950000,,,,0,0,0,0,0,0,1454.5899999999999,1454.5899999999999,4152.6859999999997,2.854884194171553,SEMILLA,1942500,4950000,572,572,1634,2.856643356643357,2007
sorgo,807,789,3254.1999999999998,4.12446134347275,585000,2600849.6961932699,,,,599,577,2378.1999999999998,4.121663778162912,580000,2600849.6961932648,1406,1366,5632.3999999999996,4.123279648609078,G-SECO,582500,2600849.6961932653,0,0,0,0,2013
maiz tec. blanco,2013,2010,7433.8000000000002,3.69840796019901,700000,2500000,,,,1551,1542,5151.3000000000002,3.340661478599222,787948.77021334425,2605600,3564,3552,12585.1,3.543102477477478,G-SECO,743974.38510667207,2552800,1514,1514,5240.8000000000002,3.461558784676354,2008
frijol tradicio.,4150,4148,2553.5500000000002,0.615609932497589,2000000,1698950,,,,3766,3591,2159.8499999999999,0.601461988304094,2500000.0000000009,1698950,7916,7739,4713.3999999999996,0.609045096265667,G-SECO,2250000.0000000005,1698950,0,0,0,0,2012
papa,38,38,271,7.13157894736842,614500,3700000,,,,30,28,157,5.607142857142857,616000,3700000,68,66,428,6.484848484848484,TUBER,615250,3700000,0,0,0,0,2012
papa,29,27,192,7.11111111111111,381000,3848000,,,,24,23,152,6.608695652173913,403999.99999999994,3848000,53,50,344,6.88,TUBER,392500,3848000,0,0,0,0,2013
arveja,869,838,4663.3999999999996,5.56491646778043,1725578.9767122699,3501495.97238205,,,,913,911,5216,5.725576289791438,1779398.0061349696,3525629.7918948522,1782,1749,9879.3999999999996,5.648599199542596,VERDE,1752488.4914236199,3513562.8821384497,940,940,5412,5.757446808510639,2007
maiz.trad. blanco,2695,2695,4024.1999999999998,1.49320964749536,860000,1360415.5959228501,,,,2147,2087,2984.2999999999997,1.429947292764734,869999.99999999988,1360415.5959228538,4842,4782,7008.5,1.465600167294019,G-SECO,865000,1360415.5959228536,0,0,0,0,2012
maiz. tec. amarillo,6782,6662,25015,3.75487841489042,865000,3211444.7661896599,,,,5537,5318,19963.400000000001,3.75393004889056,880000,3211444.7661896572,12319,11980,44978.400000000001,3.754457429048414,G-SECO,872500,3211444.7661896581,0,0,0,0,2013
tabaco rubio,1304.5,1284,3087.1999999999998,2.40436137071651,5720000,12399322.0619282,,,,867.20000000000005,847.5,2000.5500000000002,2.360530973451328,5720000,12399322.061928218,2171.6999999999998,2131.5,5087.75,2.386934083978419,H-SECA,5720000,12399322.06192822,0,0,0,0,2013
soya,5,5,12.5,2.5,1116000,2150000,,,,3,3,7.5,2.5,1116000,2150000,8,8,20,2.5,G-SEGO,1116000,2150000,0,0,0,0,2012
frijol tecnifica,8441,8281,11050.85,1.33448255041662,2685000,5586606.1870620102,,,,7980,7772.5,10295.799999999999,1.324644580250884,2864999.9999999995,5586606.1870620111,16421,16053.5,21346.649999999998,1.329719375837045,G-SECO,2775000,5586606.1870620111,0,0,0,0,2013
frijol tecnifica,8656,8538,11864.5,1.38961115015226,3195616.1237304602,3750000,,,,8221,8221,11771.6,1.43189393017881,3056889.88752591,3850000,16877,16759,23636.099999999999,1.41035264633928,G-SECO,3126253.0056281826,3800000,8669,8669,12807.5,1.477390702503172,2007
tabaco rubio,1394.2,1394.2,3281.2600000000002,2.35350738774925,4700000,10700000,,,,379.5,379.5,865.97500000000002,2.281884057971014,4769680.1293339878,10961000,1773.7,1773.7,4147.2350000000006,2.338182894514293,H-SECA,4734840.0646669939,10830500,1175,1175,2915.1999999999998,2.481021276595745,2008
soya,4,4,10,2.5,981000,2214200,,,,4,4,10,2.5,951700,2214500,8,8,20,2.5,G-SEGO,951700,2214500,0,0,0,0,2013
tomate mesa,760,688,11550.5,16.788517441860499,1050000,12898131.3256416,,,,660,631.5,10562.5,16.726049089469516,1082000.0000000002,12898131.325641615,1420,1319.5,22113,16.758620689655171,VERDE,1066000,12898131.325641617,0,0,0,0,2011
maiz. tec. amarillo,6020,5923.5,21713.5,3.66565375200473,773740.78798903897,2893500,,,,5886,5827,22064.399999999998,3.786579715119272,826827.33271695604,2909000,11906,11750.5,43777.899999999994,3.725620186375048,G-SECO,800284.06035299762,2901250,5649,5649,21506.5,3.807134006018764,2009
tabaco negro,0,0,0,,,,,,,0,0,0,,,,0,0,0,,H-SECA,,,0,0,0,0,2014
frijol tradicio.,4148,4073,2965.3499999999999,0.728050576970292,2665789.8730335399,1300000,,,,4016,4006,2918.6500000000001,0.728569645531702,2754883.250818016,1300000,8164,8079,5884,0.728307958905805,G-SECO,2710336.5619257768,1300000,4059,4059,2922.75,0.720066518847007,2007
maiz.trad. amaril,5937,5919,8919.2999999999993,1.5068930562595,702385.83745361201,1020000,,,,5926,5864,8664.1000000000004,1.477506821282401,759933.86502925854,1076000,11863,11783,17583.400000000001,1.492268522447594,G-SECO,731159.85124143527,1048000,6365,6365,9538.5,1.498586017282011,2008
melon,30,30,560,18.6666666666667,574000,2500000,,,,32,32,605,18.90625,668661.15702479333,2700000,62,62,1165,18.79032258064516,FRUTA,621330.57851239666,2600000,33,33,658,19.939393939393938,2008
ahuyama,398,385,5749,14.9324675324675,565000,3673359.57782673,,,,304,296,4514.5,15.251689189189189,546000,3673359.5778267253,702,681,10263.5,15.071218795888399,FRUTA,555500,3673359.5778267253,0,0,0,0,2014
cebolla cabeza,27,24.5,368.80000000000001,15.053061224489801,911008.67678958795,6155000,,,,77,76.5,1060.5,13.862745098039216,858613.86138613848,6278000,104,101,1429.3,14.151485148514851,BULBO,884811.26908786315,6216500,76,76,1103,14.513157894736842,2009
maiz. tec. amarillo,5684.5,5669.5,21399.400000000001,3.77447746714878,712930.92329691502,2500000,,,,5775,5688,20681.200000000001,3.635935302390999,810425.65228323324,2605600,11459.5,11357.5,42080.599999999999,3.70509355051728,G-SECO,761678.28779007401,2552800,5911,5911,22042.5,3.729064456098799,2008
pepino rellenar,0,0,0,0,0,0,,,,0,0,0,0,0,0,0,0,0,0,0,0,0,0,0,0,0,2012
tabaco rubio,1146.5999999999999,1145.5999999999999,2579.75,2.25187674581006,5010000,11456300,,,,594,589.5,1344.6799999999998,2.281051738761662,5512859.9369366709,11468800,1740.6000000000001,1735.1000000000001,3924.4299999999998,2.261788945882081,H-SECA,5261429.9684683364,11462550,1034,1034,2468.8000000000002,2.38762088974855,2009
sorgo,1352,1352,5130.5,3.79474852071006,447079.23204366001,1675000,,,,1097,1097,4066.9000000000001,3.707292616226071,448715.97531289182,1675000,2449,2449,9197.3999999999996,3.75557370355247,G-SECO,447897.60367827612,1675000,1197,1197,4583.1000000000004,3.828822055137845,2007
maiz.trad. blanco,4775,4767,7071.8999999999996,1.48351164254248,655680.22737878095,900000,,,,4134,4134,6135.5,1.484155781325593,649522.12533615856,925000,8909,8901,13207.4,1.483810807774407,G-SECO,652601.17635746964,912500,4409,4409,6530.6999999999998,1.481220231344976,2007
pimenton,103,91,688.14999999999998,7.56208791208791,1482000,5800000,,,,70.5,65,467,7.184615384615385,1238000,5800000,173.5,156,1155.1500000000001,7.404807692307693,FRUTA,1360000,5800000,0,0,0,0,2011
pepino rellenar,0,0,0,,,,,,,0,0,0,,,,0,0,0,,0,,,0,0,0,0,2014
arveja,954,946.5,5432.5799999999999,5.73965134706815,1928595.9893825799,3850000,,,,863,828,4790.1999999999998,5.785265700483092,2154747.6097031445,3887000,1817,1774.5,10222.780000000001,5.760935474781628,VERDE,2041671.7995428611,3868500,939,939,5622,5.987220447284345,2008
sandia,98.5,98.5,1766,17.9289340101523,357197.05549263902,2250000,,,,90,90,1706,18.955555555555556,362584.99413833534,2250000,188.5,188.5,3472,18.419098143236074,FRUTA,359891.02481548709,2250000,91,91,1717,18.868131868131869,2007
maiz tec. blanco,2181,2148,8938.1000000000004,4.16112662942272,794000,3159271.7534016198,,,,1829,1787,7389.6000000000004,4.135198656966984,842999.99999999988,3159271.7534016203,4010,3935,16327.700000000001,4.149351969504448,G-SECO,818500,3159271.7534016203,0,0,0,0,2014
hortalizas,488.5,488.5,2599.75,5.32190378710338,875000,3500000,,,,452.5,417.80000000000001,2345.6599999999999,5.614313068453805,900000,3499999.9999999995,941,906.29999999999995,4945.4099999999999,5.456703078450844,VERDE,887500,3500000.0000000005,0,0,0,0,2012
soya,0,0,0,0,0,0,,,,0,0,0,0,0,0,0,0,0,0,0,0,0,0,0,0,0,2007
sandia,166,165.5,1421,8.58610271903323,431379.310344828,2950200,,,,183.5,183.5,1581,8.615803814713896,342779.88614800759,3135000,349.5,349,3002,8.601719197707736,FRUTA,387079.59824641759,3042600,235,235,2457,10.455319148936169,2009
sandia,74,71,1150,16.197183098591498,631000,4498804.4291338604,,,,59,56,903.5,16.133928571428573,613000,4498804.4291338585,133,127,2053.5,16.169291338582678,FRUTA,622000,4498804.4291338585,0,0,0,0,2014
maiz tec. blanco,2039,2029,6800.5,3.35165105963529,687772.22263068904,2170000,,,,1894,1894,6306.6000000000004,3.329778247096093,677393.92065455229,2250000,3933,3923,13107.1,3.341091001784349,G-SECO,682583.07164262061,2210000,2068,2068,7004.6000000000004,3.387137330754352,2007
maiz.trad. amaril,5536,5526,8017.1000000000004,1.45079623597539,860000,1379743.9577361201,,,,5327,5205.5,7467.0499999999993,1.434453942944962,875000.00000000012,1379743.9577361203,10863,10731.5,15484.15,1.44286912360807,G-SECO,867500,1379743.9577361206,0,0,0,0,2013
pimenton,227,227,1793,7.89867841409692,1013887.33965421,3700000,,,,229.5,229.5,1820,7.930283224400871,985579.67032967042,4000000,456.5,456.5,3613,7.914567360350492,FRUTA,999733.50499194069,3850000,227.5,227.5,1898,8.342857142857143,2008
pimenton,105,105,781.60000000000002,7.44380952380952,1350000,6500000,,,,61,60.5,434.89999999999998,7.188429752066115,1580000.0000000002,6500000,166,165.5,1216.5,7.350453172205438,FRUTA,1465000,6500000,0,0,0,0,2012
frijol tradicio.,3285,3044,2057.5900000000001,0.675949408672799,2837445.74963914,1488000,,,,3029.5,2983.5,1990.6699999999998,0.667226411932294,2617863.5836175759,1489999.9999999998,6314.5,6027.5,4048.2600000000002,0.671631688096226,G-SECO,2727654.666628358,1489000,3521,3521,2453.75,0.69689008804317,2009
tabaco rubio,1323,1323,3182.75,2.4057067271353,5920000,12707525.9942363,,,,759,759,1794.55,2.364361001317523,5919999.9999999991,12707525.994236311,2082,2082,4977.3000000000002,2.390634005763689,H-SECA,5920000,12707525.994236311,0,0,0,0,2014
maiz tec. blanco,1769,1711,5953.1999999999998,3.47936879018118,733061.26049855596,2893500,,,,1175,1153,4081,3.539462272333044,780826.36118598387,2909000.0000000005,2944,2864,10034.199999999999,3.503561452513966,G-SECO,756943.8108422698,2901250,1347,1347,4901.5,3.638827023014105,2009
tomate mesa,782,764,12964,16.968586387434598,950000,14057140.7477256,,,,607.5,579.5,8914.5,15.383088869715271,987000.00000000023,14057140.747725563,1389.5,1343.5,21878.5,16.284704131001117,VERDE,968500,14057140.747725565,0,0,0,0,2012
cebolla cabeza,11.5,11.5,172.5,15,620000,5650000,,,,9,9,140,15.555555555555555,923214.2857142858,5750000,20.5,20.5,312.5,15.24390243902439,BULBO,771607.14285714296,5700000,10,10,152.5,15.25,2008
arroz riego,16054,15990,109549.8,6.85114446529081,638766.521709761,4344110.5020555602,,,,15030,15030,105207,6.999800399201597,641094.68001178629,4383725.8815701921,31084,31020,214756.79999999999,6.923172147001934,P-VERDE,639930.6008607737,4363918.1918128775,15680,15680,109958,7.012627551020408,2007
sandia,87,87,1367,15.7126436781609,480000,4211306.07142857,,,,85,81,1208,14.913580246913581,537000,4211306.0714285728,172,168,2575,15.327380952380953,FRUTA,508500,4211306.0714285728,0,0,0,0,2012
tomate mesa,662.5,630.5,11009,17.4607454401269,1253646.6527386699,12147000,,,,689.5,648.5,11287.450000000001,17.405474171164226,1052999.2602403553,12223799.999999998,1352,1279,22296.450000000001,17.432720875684129,VERDE,1153322.956489512,12185399.999999998,813,813,15181,18.67281672816728,2010
arroz riego,14868,12226.5,78685.345000000001,6.43563938984992,806498,5736870,,,,15025,14671,95210.600000000006,6.489714402562879,849584.00000000023,5623999.9999999991,29893,26897.5,173895.94500000001,6.465134120271401,P-VERDE,828041,5680435,15802,15802,110005,6.961460574610808,2010
arroz riego,14980,14980,102386.5,6.83487983978638,905916,6265360.7773302402,,,,14578,14577,100251.5,6.877375317280648,914843,6265360.777330244,29558,29557,202638,6.855837872585174,P-VERDE,910379.5,6265360.777330244,0,0,0,0,2014
melon,203,199,3444,17.306532663316599,1264000,12636295,,,,201,201,3349,16.661691542288558,1365000.0000000002,12636295,404,400,6793,16.982500000000002,FRUTA,1314500,12636295,0,0,0,0,2014
sorgo,1207,1207,4738.5,3.92584921292461,590000,2045000,,,,684,684,2578.0999999999999,3.769152046783626,608882.51037585817,2135000,1891,1891,7316.6000000000004,3.869169751454257,G-SECO,599441.25518792914,2090000,636,636,2464.0999999999999,3.87437106918239,2008
tomate mesa,746,733,14178,19.342428376534802,691204.68331217405,9700000,,,,841,841,16322,19.407847800237811,658709.10427643673,9920000,1587,1574,30500,19.377382465057178,VERDE,674956.89379430516,9810000,967,967,18874,19.518097207859359,2007
papa,28,25.5,211.5,8.294117647058821,861950.35460992903,3200000,,,,24.5,19,155.65000000000001,8.192105263157895,992141.3427561837,3250000,52.5,44.5,367.14999999999998,8.250561797752809,TUBERC,927045.84868305642,3225000,44,44,409.5,9.306818181818182,2010
pepino rellenar,0,0,0,0,0,0,,,,0,0,0,0,0,0,0,0,0,0,0.0,0,0,0,0,0,0,2013
soya,0,0,0,0,0,0,,,,16,16,40,2.5,861390,2005000,16,16,40,2.5,G-SEGO,861390,2005000,0,0,0,0,2011
pepino rellenar,0,0,0,0,0,0,,,,0,0,0,0,0,0,0,0,0,0,0,0,0,0,0,0,0,2011
pepino rellenar,0,0,0,0,0,0,,,,0,0,0,0,0,0,0,0,0,0,0,0,0,0,0,0,0,2007
arroz riego,16350,16350,120623,7.37755351681957,896435,5637695.6880733902,,,,17785,17085,124579.8,7.291764705882353,784639.14856180549,5640114.3070002794,34135,33435,245202.79999999999,7.333716165694631,P-VERDE,840537.07428090274,5638904.9975368371,17306,17306,128325.2,7.415069917947532,2009
maiz.trad. amaril,5204,4973,6940.8500000000004,1.39570681681078,850000,1315000,,,,4663.5,4478,6163.9499999999998,1.376496203662349,759999.99999999988,1314999.9999999995,9867.5,9451,13104.799999999999,1.386604592106655,G-SECO,804999.99999999977,1314999.9999999995,0,0,0,0,2011
frijol tradicio.,3826,3763,2783.75,0.739768801488174,2600000,1754300,,,,3678,3562.5,2195.75,0.616350877192982,2785000.0000000005,1754299.9999999995,7504,7325.5,4979.5,0.679748822605965,G-SECO,2692500.0000000005,1754300,0,0,0,0,2013
melon,32,31.5,527.5,16.746031746031701,686398.104265403,3050000,,,,11,10,160,16,600000,3250000,43,41.5,687.5,16.566265060240966,FRUTA,643199.05213270138,3150000,8,8,144,18,2009
pimenton,109,104,764.20000000000005,7.34807692307692,1286000,6695000,,,,95,90,660,7.333333333333333,1482999.9999999998,6695000,204,194,1424.2,7.341237113402062,FRUTA,1384499.9999999998,6695000,0,0,0,0,2014
tabaco negro,0,0,0,0,,0,,,,0,0,0,0,0,0,0,0,0,0,H-SECA,0,0,0,0,0,0,2010
algodon,805,805,1846.52997,2.29382604968944,2127150,5498800,,,,0,0,0,0,0,0,805,805,1846.52997,2.293826049689441,SEMILLA,2127150,5498800,0,0,0,0,2009
maiz.trad. blanco,3073,2925,4179.1000000000004,1.42875213675214,717814.84051590099,1290000,,,,2457.5,2434.5,3465.5999999999999,1.423536660505237,737351.25230840291,1279999.9999999998,5530.5,5359.5,7644.7000000000007,1.426383058121094,G-SECO,727583.04641215177,1284999.9999999998,2536,2536,3776.5,1.489156151419558,2009
pepino rellenar,0,0,0,0,0,0,,,,0,0,0,0,0,0,0,0,0,0,0,0,0,0,0,0,0,2008
frijol tradicio.,4049,3952,2827.4200000000001,0.71544028340081,2723531.7002779902,1331500,,,,3779,3698,2584.6900000000001,0.69894267171444,2765657.583694756,1335700,7828,7650,5412.1099999999997,0.707465359477124,G-SECO,2744594.6419863738,1333600,4083,4083,3047.1500000000001,0.746301738917463,2008
papa,36,31.5,218,6.92063492063492,837000,3500000,,,,23,21.5,139,6.465116279069767,817093.52517985611,3499999.9999999991,59,53,357,6.735849056603773,TUBER,827046.762589928,3499999.9999999995,0,0,0,0,2011
sorgo,559,559,2245,4.01610017889088,625500,2611379.2920353999,,,,352,345,1367.5,3.963768115942029,620000,2611379.2920353981,911,904,3612.5,3.996128318584071,G-SECO,622750,2611379.2920353981,0,0,0,0,2012
pimenton,148,147,1088.5,7.40476190476191,1811001.3780431801,4730000,,,,76,60,375.39999999999998,6.256666666666666,1505063.9318060733,4750000,224,207,1463.9000000000001,7.071980676328502,FRUTA,1658032.654924626,4740000,91,91,646.5,7.104395604395604,2010
pepino rellenar,0,0,0,0,0,0,,,,0,0,0,0,0,0,0,0,0,0,0,0,0,0,0,0,0,2010
pepino cohom,44,44,475,10.795454545454501,501000,5025000,,,,41,40,411,10.275,590000,5025000,85,84,886,10.547619047619047,FRUTA,545500,10050000,0,0,0,0,2013
sorgo,712,712,2806.5999999999999,3.94185393258427,650000,2308000,,,,225,225,890.5,3.957777777777778,629354.29533969681,2332000,937,937,3697.0999999999999,3.945677694770544,G-SECO,639677.1476698484,2320000,485,485,1932,3.983505154639175,2009
pepino rellenar,0,0,0,0,0,0,,,,0,0,0,0,0,0,0,0,0,0,0,0,0,0,0,0,0,2009
cebolla cabeza,66,66,801,12.136363636363599,870000,7020000,,,,37,33,306,9.272727272727273,832000,7020000,103,99,1107,11.181818181818182,BULBO,851000,7020000,0,0,0,0,2012
sandia,198,183,1659.5,9.068306010928961,538000,3250200,,,,62,57,661,11.596491228070175,793759.45537065051,3225000.0000000005,260,240,2320.5,9.668749999999999,FRUTA,665879.72768532531,3237600,63,63,954,15.142857142857142,2010
tabaco negro,0,0,0,0,,0,,,,0,0,0,0,0,0,0,0,0,0,H-SECA,0,0,0,0,0,0,2012
melon,130,130,2283,17.5615384615385,1200000,6500000,,,,137,132,2111,15.992424242424242,1166000,6500000,267,262,4394,16.770992366412212,FRUTA,1183000,6500000,0,0,0,0,2012
maiz.trad. amaril,5085,4981,7195.8000000000002,1.44464966874122,745751.54951499496,1290000,,,,4961,4906,7259.0900000000001,1.479635140644109,775601.79030704952,1280000.0000000002,10046,9887,14454.889999999999,1.462009709719834,G-SECO,760676.66991102218,1285000.0000000005,4832,4832,7218,1.493791390728477,2009
tabaco rubio,1346.2,1346.2,3217.0799999999999,2.38974892289407,5200000,12350000,,,,209,209,507.90000000000003,2.430143540669857,5274096.4756841892,12150600,1555.1999999999998,1555.1999999999998,3724.98,2.395177469135802,H-SECA,5237048.2378420951,12250300,1361,1361,3393.5999999999999,2.493460690668626,2010
tabaco negro,0,0,0,0,,0,,,,20.199999999999999,20.199999999999999,44.439999999999998,2.2,4700000.0000000009,7500000,20.199999999999999,20.199999999999999,44.439999999999998,2.2,H-SECA,4700000.0000000009,7500000,0,0,0,0,2009
arveja,893,846,4721.8999999999996,5.58144208037825,1654372.18068998,4803000,,,,903,773,4397.6000000000004,5.689003880983183,1783761.9838093501,5472500,1796,1619,9119.5,5.632798023471278,VERDE,1719067.0822496633,5137750,920.20000000000005,920.20000000000005,5377.4000000000005,5.843729623994784,2010
arroz riego,16814,16814,116923.10000000001,6.95391340549542,911528,6156742.8239514204,,,,15421,15420,107712.5,6.985246433203631,892054,6156742.8239514176,32235,32234,224635.60000000001,6.968902401191289,P-VERDE,901791,6156742.8239514176,0,0,0,0,2013
ahuyama,145,131.80000000000001,1944,14.749620637329301,397000,3681049.0321252099,,,,122,111,1684,15.171171171171171,404000.00000000006,3681049.0321252057,267,242.80000000000001,3628,14.942339373970345,FRUTA,400500,3681049.0321252057,0,0,0,0,2013
hortalizas,345,339.5,1949,5.74079528718704,755987.68599281705,2556521.7391304402,,,,312,304.5,1751,5.750410509031199,752684.75157053105,2703685.8974358994,657,644,3700,5.745341614906832,VERDE,754336.21878167405,2630103.8182831672,332,332,1988.8,5.990361445783132,2008
tomate mesa,655,627,11136.75,17.761961722488,1057618.2458975899,11355351.145038201,,,,555,536,9240.7399999999998,17.24018656716418,1184910.2452833862,11418300,1210,1163,20377.489999999998,17.521487532244194,VERDE,1121264.2455904889,11386825.572519084,676.5,676.5,12003,17.742793791574279,2009
soya,0,0,0,0,0,0,,,,0,0,0,0,0,0,0,0,0,0,0,0,0,0,0,0,0,2009
maiz tec. blanco,2277,2267,8752,3.8606087340097,880000,3272211.90305983,,,,1862,1734,6593.6999999999998,3.802595155709342,900000.00000000012,3272211.9030598318,4139,4001,15345.700000000001,3.835466133466634,G-SECO,890000.00000000023,3272211.9030598314,0,0,0,0,2012
hortalizas,467.5,429.5,2310.1500000000001,5.37869615832363,860000,3200000,,,,431.5,383,1953.1500000000001,5.099608355091384,860000.00000000012,3199999.9999999995,899,812.5,4263.3000000000002,5.247138461538462,VERDE,860000,3199999.9999999991,0,0,0,0,2011
maiz.trad. amaril,5659,5659,8212.7000000000007,1.45126347411203,775000,1360415.5959228501,,,,4753,4647,6468.1999999999998,1.391908758338713,785000.00000000012,1360415.5959228531,10412,10306,14680.900000000001,1.424500291092568,G-SECO,780000,1360415.5959228533,0,0,0,0,2012
frijol tradicio.,4413,4215,2510.4499999999998,0.595599051008304,2962308.5502599101,1668100,,,,4284.5,4108,2448.75,0.596092989289192,2499999.9999999995,1668100.0000000002,8697.5,8323,4959.1999999999998,0.595842845127959,G-SECO,2731154.2751299567,1668100,0,0,0,0,2011
papa,23,23,259,11.2608695652174,637065.63706563704,2315000,,,,23,23,256,11.130434782608695,565312.5,2315000,46,46,515,11.195652173913043,TUBERC,601189.06853281846,2315000,20,20,220,11,2007
maiz.trad. blanco,3909,3898,5971.6999999999998,1.53199076449461,680572.70124085306,1020000,,,,2910,2882,4166,1.445523941707148,748222.27556409023,1076000,6819,6780,10137.700000000001,1.49523598820059,G-SECO,714397.48840247153,1048000,3307,3307,4975,1.504384638645298,2008
ahuyama,70,62,930,15,473010.75268817198,2985000,,,,121.5,89.299999999999997,1361,15.240761478163494,491146.21601763408,3007999.9999999991,191.5,151.30000000000001,2291,15.142101784534038,FRUTA,482078.48435290309,2996499.9999999995,113,113,1832,16.212389380530972,2010
frijol tecnifica,8600,8255.5,10324.450000000001,1.25061474168736,3150000,4856277.2446485097,,,,9028,8764,10900.900000000001,1.243827019625742,2949999.9999999995,4856277.2446485041,17628,17019.5,21225.349999999999,1.247119480595787,G-SECO,3050000,4856277.244648505,0,0,0,0,2011
hortalizas,496,472,2439.5,5.16843220338983,895000,3640000,,,,488,456.5,2279.4000000000001,4.993209200438116,915999.99999999988,3640000.0000000009,984,928.5,4718.8999999999996,5.082283252557889,VERDE,905499.99999999988,3640000,0,0,0,0,2013
maiz.trad. amaril,6835,6769,9840.6000000000004,1.45377456049638,632121.00888157205,900000,,,,6839,6839,10127.4,1.480830530779354,624496.90937456791,925000,13674,13608,19968,1.467372134038801,G-SECO,628308.95912807004,912500,6847,6847,10192.1,1.488549729808675,2007
melon,149,149,2576,17.288590604026801,1100000,6760000,,,,161,160,2653,16.581250000000001,1000000.0000000002,6759999.9999999991,310,309,5229,16.922330097087379,FRUTA,1050000,6760000,0,0,0,0,2013
tomate mesa,806,802,15004,18.708229426433899,772667.28872300696,10525000,,,,789.5,778.5,14566.360000000001,18.710802825947336,1111242.6165493643,10640999.999999998,1595.5,1580.5,29570.360000000001,18.709496994621954,VERDE,941954.9526361858,10583000,805.5,805.5,15466.25,19.2008069522036,2008
hortalizas,650,614,3133,5.10260586319218,900000,3822000,,,,627,601,2920.1999999999998,4.858901830282862,919999.99999999988,3821999.9999999995,1277,1215,6053.1999999999998,4.982057613168724,VERDE,910000,3822000,0,0,0,0,2014
habichuela,377,375,2724.5,7.26533333333333,975000,5653925.7806874001,,,,243.5,236,1644.6500000000001,6.96885593220339,1300000,5653925.7806873992,620.5,611,4369.1499999999996,7.150818330605564,VERDE,1137500,5653925.7806873983,0,0,0,0,2012
habichuela,463,449,3105.1999999999998,6.91581291759465,1130000,8013221.3333333302,,,,393,376,2545.8000000000002,6.770744680851064,1196999.9999999998,8013221.3333333321,856,825,5651,6.84969696969697,VERDE,1163500,8013221.3333333321,0,0,0,0,2014
algodon,1751.4400000000001,1751.4400000000001,5456.9883,3.11571524003106,2431533.2715666601,6587911.5440437598,,,,0,0,0,,,,1751.4399999999998,1751.4399999999998,5456.9883000000009,3.115715240031061,SEMILLA,2431533.271566662,6587911.5440437607,0,0,0,0,2014
hortalizas,394.5,379,2172.5999999999999,5.73245382585752,823248.64217987703,3050000,,,,399,369.10000000000002,1981.8000000000002,5.369276618802493,788113.38177414471,3249999.9999999995,793.5,748.10000000000002,4154.3999999999996,5.553268279641759,VERDE,805681.01197701076,3150000.0000000005,463.5,463.5,2581.8499999999999,5.570334412081984,2010
sandia,60,60,960,16,406000,4366818.6680327896,,,,63.5,62,981.5,15.830645161290322,435000,4366818.6680327868,123.5,122,1941.5,15.913934426229508,FRUTA,420500,4366818.6680327868,0,0,0,0,2013
maiz.trad. amaril,4747,4682,6654.5,1.42129431866724,806491.84762191004,1340000,,,,5106,4994,7565.8500000000004,1.514987985582699,843859.1962568647,1310000.0000000005,9853,9676,14220.35,1.469651715584952,G-SECO,825175.52193938731,1325000.0000000002,5676,5676,8838.5999999999985,1.557188160676532,2010
habichuela,311,280.5,1909.45,6.80730837789661,997224.33161381504,4760000,,,,248,226,1466.8,6.490265486725663,1154023.0433596945,4675000.0000000009,559,506.5,3376.25,6.665844027640671,VERDE,1075623.687486755,4717500,399,399,2731.9000000000001,6.846867167919799,2010
cebolla cabeza,64,63,908,14.412698412698401,730246.69603524206,6462000,,,,68,58,821,14.155172413793103,909652.862362972,6500000,132,121,1729,14.289256198347108,BULBO,819949.7791991072,6481000,81,81,1238,15.283950617283951,2010
sorgo,138,138,589.89999999999998,4.27463768115942,585000,2565981.2641338799,,,,63,63,265.80000000000001,4.219047619047619,585000,2565981.2641338762,201,201,855.70000000000005,4.257213930348259,G-SECO,585000,2565981.2641338762,0,0,0,0,2014
pimenton,91,89,657.60000000000002,7.38876404494382,918000,6695000,,,,83,75,557.5,7.433333333333334,1025000.0000000001,6695000,174,164,1215.0999999999999,7.409146341463414,FRUTA,971500,6695000,0,0,0,0,2013
maiz tec. blanco,1370,1308,4926,3.76605504587156,931863.58099878195,2850000,,,,2642,2582,10156.900000000001,3.933733539891557,855338.28234992921,2821000.0000000005,4012,3890,15082.900000000001,3.877352185089975,G-SECO,893600.93167435564,2835500,2272,2272,8714.1000000000004,3.835431338028169,2010
pepino cohom,15,15,168,11.199999999999999,437023.809523809,4250000,,,,22,19,193,10.157894736842104,502533.67875647667,4280000,37,34,361,10.617647058823529,FRUTA,469778.74414014304,8530000,27,27,286,10.592592592592593,2010
arroz riego,16320,16320,119719.10000000001,7.33572916666667,833000,4920710.78431373,,,,17708,17696,130668,7.384041591320073,1054600,5379658.9112265641,34028,34016,250387.10000000001,7.360862535277516,P-VERDE,943800,5150184.8477701452,17163,17163,128240.3,7.47190467866923,2008
frijol tecnifica,8892,8873,11628.25,1.31052068071678,2898111.0657235598,5115871.3523989804,,,,7745.5,7509,9645.5500000000011,1.284531895059262,3199999.9999999995,5115871.3523989748,16637.5,16382,21273.800000000003,1.298608228543524,G-SECO,3049055.5328617813,5115871.3523989767,0,0,0,0,2012
maiz.trad. blanco,2503,2447,3668.0799999999999,1.49901103391908,790000,1385806.7668678199,,,,2125,2073,3054.3000000000002,1.473371924746744,840000,1385806.7668678181,4628,4520,6722.380000000001,1.487252212389381,G-SECO,814999.99999999988,1385806.7668678183,0,0,0,0,2014
maiz. tec. amarillo,4404,4380,15671.9,3.57805936073059,651294.354864439,2170000,,,,4479,4479,16145.4,3.604688546550569,657552.12010851398,2250000,8883,8859,31817.299999999999,3.591522745230839,G-SECO,654423.23748647654,2210000,4366,4266,15725.799999999999,3.686310360993905,2007
tomate mesa,815.5,802,13372.5,16.673940149625899,1197000,16102430.5602904,,,,654,636,10488,16.490566037735849,1158000,16102430.5602904,1469.5,1438,23860.5,16.592837273991655,VERDE,1177500,16102430.560290402,0,0,0,0,2014
frijol tecnifica,8691,8531,11465.200000000001,1.34394561012777,3050000,5673756.7359387605,,,,8351,8190.5,10951.5,1.337097857273671,3000000.0000000014,5673756.7359387595,17042,16721.5,22416.700000000001,1.340591454115958,G-SECO,3025000.0000000005,5673756.7359387614,0,0,0,0,2014
pimenton,224.5,224.5,1574.5,7.01336302895323,782232.45474753901,3105000,,,,204,204,1522,7.46078431372549,758574.24441524327,3105000,428.5,428.5,3096.5,7.226371061843641,FRUTA,770403.34958139108,3105000,269,269,2109,7.840148698884758,2007
maiz. tec. amarillo,6636,6605,24192.400000000001,3.66274034822104,790000,3272211.90305983,,,,5555,5322,19813.5,3.722942502818489,800000.00000000023,3272211.9030598323,12191,11927,44005.899999999994,3.689603420809926,G-SECO,795000.00000000023,3272211.9030598318,0,0,0,0,2012
arveja,933.5,873.20000000000005,4497.8999999999996,5.15105359596885,2073000,6409258.2000000002,,,,808,748,3922,5.24331550802139,1999999.9999999993,6409258.1999999993,1741.5,1621.2,8419.8999999999996,5.193622008388847,VERDE,2036500,6409258.1999999993,0,0,0,0,2011
tabaco rubio,1530,1530,3702.9000000000001,2.42019607843137,4505727.4028464202,12150000,,,,373.75,373.75,903.77499999999998,2.418127090301003,4514264.0590855023,12150000,1903.75,1903.75,4606.6750000000002,2.419789888378201,H-SECA,4509995.7309659589,12150000,1004,1004,2498.5,2.488545816733068,2007
ahuyama,160,160,2649.5,16.559374999999999,387827.89205510501,2180000,,,,141,134.5,2255.5,16.769516728624534,523806.25138550211,2303600,301,294.5,4905,16.655348047538201,FRUTA,455817.07172030339,2241800,185.5,185.5,3228,17.401617250673855,2008
ahuyama,147,124.5,1822,14.6345381526104,541000,3164500,,,,166.5,135.5,2177.5,16.070110701107012,557000,3170662.1621621619,313.5,260,3999.5,15.382692307692308,FRUTA,549000,3167581.0810810812,0,0,0,0,2011
algodon,1037.98,1037.98,3132.5318000000002,3.01791152045319,2379520,6292043.44263859,,,,0,0,0,0,0,0,1037.98,1037.98,3132.5318000000002,3.017911520453188,SEMILLA,2379520,6292043.4426385853,0,0,0,0,2013
maiz.trad. amaril,6083,5990,8699.1499999999996,1.45227879799666,800000,1385806.7668678199,,,,5873,5736,8253,1.438807531380753,819999.99999999988,1385806.7668678185,11956,11726,16952.150000000001,1.44568906703053,G-SECO,809999.99999999988,1385806.7668678183,0,0,0,0,2014
sorgo,562,552,2197.5,3.98097826086957,650000,2446500,,,,949,947,3798,4.010559662090813,601856.24012638221,2360000,1511,1499,5995.5,3.999666444296198,G-SECO,625928.12006319105,2403250,544,544,2204.9000000000001,4.053125,2010
cebolla cabeza,73,66.5,804.5,12.097744360902301,950000,6980000,,,,56,50,509,10.18,600000,6980000,129,116.5,1313.5,11.274678111587983,BULBO,775000,6980000,0,0,0,0,2011
maiz.trad. blanco,2643,2558,3716.3000000000002,1.45281469898358,890509.37760676001,1340000,,,,2628,2544,3818.5999999999999,1.501022012578616,845305.0070706543,1309999.9999999995,5271,5102,7534.8999999999996,1.476852214817719,G-SECO,867907.19233870693,1324999.9999999998,2600,2600,4758.8000000000002,1.830307692307692,2010
sorgo,545,523,2043.0999999999999,3.90650095602294,665000,2426972.5,,,,496,488,1952,4,640000,2426972.5000000005,1041,1011,3995.0999999999999,3.951632047477745,G-SECO,652500.00000000012,2426972.5000000005,0,0,0,0,2011
hortalizas,310.5,301.5,1788.0799999999999,5.9306135986733,687796.407319583,2200000,,,,335,335,1976.25,5.899253731343284,696820.49335863371,1934029.8507462686,645.5,636.5,3764.3299999999999,5.914108405341713,VERDE,692308.45033910847,2067014.9253731342,347.5,347.5,2130,6.129496402877698,2007
arroz riego,17372,17206,120750.60000000001,7.01793560385912,1036450,6080413.0571693396,,,,17557,17323,118984.60000000001,6.868590890723316,1118888.0000000002,6080413.0571693359,34929,34529,239735.20000000001,6.943010223290568,P-VERDE,1077669,6080413.0571693368,0,0,0,0,2012
arveja,1021,982.79999999999995,5181.3000000000002,5.27197802197802,1460000,7576835,,,,921,881.5,4665.6999999999998,5.292909812819058,1468999.9999999998,7576835.0000000009,1942,1864.3,9847,5.281875234672532,VERDE,1464500,7576835.0000000019,0,0,0,0,2013
pepino cohom,27,25.5,266,10.431372549019599,362000,4850000,,,,25,22,224.5,10.204545454545455,345000,4850000,52,47.5,490.5,10.326315789473684,FRUTA,353500,9700000,0,0,0,0,2011
maiz tec. blanco,2160,2117,8692.2000000000007,4.1059045819556,856000,3211444.7661896599,,,,1940,1891,7761.1000000000004,4.104230565838181,870000.00000000012,3211444.7661896567,4100,4008,16453.300000000003,4.105114770459083,G-SECO,863000,3211444.7661896562,0,0,0,0,2013
pepino cohom,17,16.5,211.5,12.818181818181801,358888.88888888899,3932250,,,,9,8.5,98,11.529411764705882,485938.77551020408,4030499.9999999995,26,25,309.5,12.380000000000001,FRUTA,422413.83219954651,7962750,13,13,148,11.384615384615385,2009
arveja,906,891,4898.8999999999996,5.49820426487093,1774000,7742552,,,,882,859,4709.0999999999995,5.482072176949941,1567000,7742552.0000000019,1788,1750,9608,5.490285714285714,VERDE,1670500,7742552.0000000019,0,0,0,0,2014
maiz. tec. amarillo,6267,6030,21381.200000000001,3.54580431177446,870000,3006166.3065995499,,,,6117,5882.5,20861.899999999998,3.546434339141521,785000,3006166.3065995472,12384,11912.5,42243.099999999999,3.546115424973767,G-SECO,827500,3006166.3065995472,0,0,0,0,2011
papa,19.5,18.5,163.75,8.851351351351351,865992.366412214,3100000,,,,34.25,29.5,252.5,8.559322033898304,741930.69306930702,3177500,53.75,48,416.25,8.671875,TUBERC,803961.52974076045,3138750,42,42,356.5,8.488095238095237,2009
arroz riego,15743,14816.5,101297.60000000001,6.83681031282692,969051,5825600,,,,16868,16782,118508.60000000001,7.06164938624717,953178,5825599.9999999991,32611,31598.5,219806.20000000001,6.956222605503426,P-VERDE,961114.50000000012,5825600,0,0,0,0,2011
habichuela,391,377,2705,7.17506631299735,1002000,8023641.56737589,,,,339,328,2243.4000000000001,6.839634146341464,856000.00000000023,8023641.5673758881,730,705,4948.3999999999996,7.019007092198581,VERDE,929000.00000000012,8023641.5673758872,0,0,0,0,2013
pepino cohom,43,43,480,11.162790697674399,450000,4950000,,,,32,31,334,10.774193548387096,720000,4950000,75,74,814,11,FRUTA,585000,9900000,0,0,0,0,2012
melon,28,26,417,16.038461538461501,1000000,4505000,,,,35,35,573.5,16.385714285714286,1105666.9572798605,4520000,63,61,990.5,16.237704918032787,FRUTA,1052833.4786399303,4512500,60,60,1026,17.100000000000001,2010
frijol tradicio.,4079,3931,2481.5100000000002,0.631266853218011,2750000,1785450,,,,3758,3634,2249.3400000000001,0.618970831040176,2800000,1785450.0000000002,7837,7565,4730.8500000000004,0.62536021150033,G-SECO,2775000,1785450,0,0,0,0,2014
cebolla cabeza,76,72,820,11.3888888888889,993000,7615000,,,,72,69,703,10.188405797101449,890999.99999999988,7615000.0000000009,148,141,1523,10.801418439716311,BULBO,942000,7615000,0,0,0,0,2014
pepino cohom,19,19,273,14.3684210526316,387912.08791208803,3447368.4210526301,,,,15,15,223,14.866666666666667,748430.49327354273,3675000,34,34,496,14.588235294117647,FRUTA,568171.29059281526,7122368.421052631,15,15,230,15.333333333333334,2008
melon,72,66,1036,15.696969696969701,1145000,5180000,,,,103.7,100.7,1661,16.494538232373387,1245000,5180000,175.69999999999999,166.69999999999999,2697,16.178764247150571,FRUTA,1195000,5180000,0,0,0,0,2011
soya,2,2,5,2.5,1174000,2214200,,,,2,2,5,2.5,1196000,2214500,4,4,10,2.5,G-SEGO,1196000,2214500,0,0,0,0,2014
tabaco negro,0,0,0,0,,0,,,,0,0,0,0,0,0,0,0,0,0,H-SECA,0,0,0,0,0,0,2013
frijol tradicio.,4729,4067,2511.3000000000002,0.617482173592328,2426038.3068530201,1562500,,,,4186,3879,2370.25,0.611046661510699,2497832.2539816475,1620800.0000000002,8915,7946,4881.5500000000002,0.61434054870375,G-SECO,2461935.2804173362,1591650,4888,4888,3268.9000000000001,0.66876022913257,2010
soya,0,0,0,0,0,0,,,,0,0,0,0,0,0,0,0,0,0,0,0,0,0,0,0,0,2008
hortalizas,334,314,1797.8,5.72547770700637,756945.15518967598,2862000,,,,281.5,279.5,1498.8999999999999,5.362790697674418,718552.00480352272,2920000,615.5,593.5,3296.6999999999998,5.554675652906487,VERDE,737748.57999659958,2891000,390.5,390.5,2204.5,5.645326504481434,2009
maiz. tec. amarillo,6948,6850,25682.799999999999,3.74931386861314,810000,3159271.7534016198,,,,5711,5560,20757.400000000001,3.733345323741007,824999.99999999965,3159271.7534016198,12659,12410,46440.199999999997,3.742159548751007,G-SECO,817499.99999999977,3159271.7534016208,0,0,0,0,2014
cebolla cabeza,22,22,341,15.5,771818.181818182,5150000,,,,9.5,9.5,151,15.894736842105264,838079.47019867552,2710526.3157894737,31.5,31.5,492,15.619047619047619,BULBO,804948.8260084287,3930263.1578947371,9.5,9.5,152,16,2007
ahuyama,145,143,2155,15.0699300699301,550000,3540791.4018691601,,,,141,124.5,1777.5,14.27710843373494,672000,3540791.4018691592,286,267.5,3932.5,14.700934579439252,FRUTA,611000,3540791.4018691592,0,0,0,0,2012
melon,11,11,214,19.454545454545499,449532.71028037398,2100000,,,,21,21,414,19.714285714285715,476570.04830917879,2100000,32,32,628,19.625,FRUTA,463051.3792947763,2100000,25,25,494,19.760000000000002,2007
frijol tecnifica,8415.5,8337.5,11618.200000000001,1.39348725637181,3198392.1777900201,4094202.9588259798,,,,7654.5,7529,10399.950000000001,1.381318900252358,3457810.3740883367,4204200,16070,15866.5,22018.150000000001,1.387713106230108,G-SECO,3328101.2759391777,4149201.4794129878,8015,28015,39719,1.417776191326075,2008
maiz. tec. amarillo,5920,5523,20019.599999999999,3.62476914720261,832623.02943115798,2850000,,,,5905,5664,20560.450000000001,3.630022951977401,841391.74483048741,2821000,11825,11187,40580.050000000003,3.627429158845088,G-SECO,837007.38713082252,2835500,6589,6589,24734.700000000001,3.753938382152072,2010
tabaco rubio,1362,1304,3018.8600000000001,2.31507668711656,5450000,11712304.4939759,,,,617,600,1400.9000000000001,2.334833333333334,5375000,11712304.493975904,1979,1904,4419.7600000000002,2.321302521008403,H-SECA,5412500,11712304.493975904,0,0,0,0,2011
algodon,1935.0599999999999,1935.0599999999999,6513.1331799999998,3.3658559321158,2190964.5,5798800,,,,0,0,0,0,0,0,1935.0599999999999,1935.0599999999999,6513.1331799999989,3.3658559321158,SEMILLA,2190964.5000000005,5798800,2205,2205,7595,3.444444444444445,2010
arveja,1132,1131,6180.1999999999998,5.46436781609195,1975000,7133525,,,,982,942.20000000000005,4679.8299999999999,4.966917851836128,2000000.0000000002,7133525,2114,2073.1999999999998,10860.029999999999,5.238293459386456,VERDE,1987500,7133525.0000000019,0,0,0,0,2012
tabaco negro,0,0,0,0,,0,,,,0,0,0,0,0,0,0,0,0,0,H-SECA,0,0,0,0,0,0,2011
soya,0,0,0,0,0,0,,,,0,0,0,0,0,0,0,0,0,0,0,0,0,0,0,0,0,2010
sandia,72,62,852,13.741935483871,531000,3715620.5,,,,77,70,1040,14.857142857142858,580000.00000000012,3715620.4999999995,149,132,1892,14.333333333333334,FRUTA,555500,3715620.5,0,0,0,0,2011
habichuela,332,310,2060.9000000000001,6.64806451612903,1071000,5055000,,,,308.5,275.5,1795.6999999999998,6.517967332123411,900000,5055000.0000000009,640.5,585.5,3856.5999999999999,6.586848847139197,VERDE,985499.99999999988,5055000,0,0,0,0,2011
papa,32,28,182,6.5,582000,3848000,,,,27,24,159.5,6.645833333333333,618000,3847999.9999999995,59,52,341.5,6.567307692307692,TUBER,600000,3848000,0,0,0,0,2014
maiz.trad. blanco,2610,2484,3508.4499999999998,1.41241948470209,930000,1315000,,,,2303,2165,3001.8000000000002,1.386512702078522,899999.99999999988,1315000,4913,4649,6510.25,1.400354915035492,G-SECO,915000,1315000,0,0,0,0,2011
habichuela,443,439,3357,7.64692482915718,871368.03693774203,3263000,,,,377.5,377.5,3023.4000000000001,8.009006622516557,880449.99007739627,3263000,820.5,816.5,6380.3999999999996,7.814329454990814,VERDE,875909.01350756909,3263000,428,428,3381.1999999999998,7.9,2007
papa,20,20.5,225,10.975609756097599,877777.77777777798,2730000,,,,24.5,24.5,247.5,10.102040816326531,823939.39393939404,2800000,44.5,45,472.5,10.5,TUBERC,850858.5858585859,2765000,31,31,312,10.064516129032258,2008
ahuyama,227,224,3927,17.53125,293520.49910873402,1820000,,,,147,147,2521,17.14965986394558,290658.4688615629,1821224.4897959181,374,371,6448,17.380053908355794,FRUTA,292089.4839851486,1820612.2448979591,174,174,3079,17.695402298850574,2007
frijol tecnifica,8855,7987,10413.52,1.30380868911982,2660244.3746206802,4826500,,,,8475,7486,9466.2000000000007,1.264520438151216,2720860.0213179523,4905000.0000000009,17330,15473,19879.720000000001,1.284800620435598,G-SECO,2690552.1979693184,4865750.0000000009,9126,9126,12598,1.380451457374534,2010
tabaco rubio,1332.5,1327.5,3227.3000000000002,2.43111111111111,5500000,12077268.1917211,,,,738,738,1706.4000000000001,2.31219512195122,5500000,12077268.191721132,2070.5,2065.5,4933.7000000000007,2.388622609537642,H-SECA,5500000,12077268.19172113,0,0,0,0,2012
cebolla cabeza,61,57,668.5,11.728070175438599,685000,7250000,,,,50,46,465,10.108695652173912,740000.00000000012,7250000,111,103,1133.5,11.004854368932039,BULBO,712500,7250000,0,0,0,0,2013
frijol tecnifica,8960,8483.5,11680.51,1.37685035657453,3391527.2107125502,4588000,,,,7904,7775,10468.700000000001,1.346456591639871,3086545.1058870731,4596599.9999999991,16864,16258.5,22149.209999999999,1.36231571178153,G-SECO,3239036.1582998093,4592300,8121,8121,11296.6,1.3910355867504,2009
maiz.trad. blanco,2262,2238,3342.1999999999998,1.49338695263628,856000,1379743.9577361201,,,,1905,1866,2706.5500000000002,1.45045551982851,870000,1379743.9577361203,4167,4104,6048.75,1.473866959064327,G-SECO,863000,1379743.9577361201,0,0,0,0,2013
ahuyama,121,109,1760.5,16.151376146789001,377746.09485941502,2685000,,,,166.19999999999999,141.19999999999999,2238.4000000000001,15.852691218130314,432210.50750536093,2744000.0000000005,287.19999999999999,250.19999999999999,3998.9000000000001,15.982813749000801,FRUTA,404978.30118238792,2714500,70,70,1187,16.957142857142856,2009
maiz tec. blanco,2149,2003,7322.6999999999998,3.65586620069895,950000,3006166.3065995499,,,,1921,1835,6715.3000000000002,3.659564032697548,924999.99999999988,3006166.3065995462,4070,3838,14038,3.657634184471079,G-SECO,937500,3006166.3065995472,0,0,0,0,2011
habichuela,422,414.5,3089.1999999999998,7.45283474065139,951032.62980707001,3866587.67772512,,,,404.5,393.5,2941.1500000000001,7.47433290978399,1091023.0692076231,4105300,826.5,808,6030.3500000000004,7.463304455445545,VERDE,1021027.8495073465,3985943.8388625593,420,420,3239.1999999999998,7.712380952380952,2008
pepino cohom,8,8,120.5,15.0625,316680.49792531098,2931250,,,,5,5,66,13.199999999999999,298181.81818181818,2950000,13,13,186.5,14.346153846153847,FRUTA,307431.15805356472,5881250,9,9,133,14.777777777777779,2007
algodon,817.44000000000005,802.00999999999999,1849.8643199999999,2.30653523023404,2288000,6138534.0640789997,,,,0,0,0,0,0,0,817.44000000000005,802.00999999999999,1849.8643199999997,2.306535230234036,SEMILLA,2288000.0000000005,6138534.0640790015,0,0,0,0,2012
pimenton,181,176.5,1299.6500000000001,7.36345609065156,1400000,4300000,,,,184,184,1337.5,7.269021739130435,1381955.1401869161,4500000,365,360.5,2637.1500000000001,7.315256588072122,FRUTA,1390977.5700934581,4400000,191,191,1438.5,7.531413612565445,2009
pepino cohom,71,65,713,10.9692307692308,641000,5025000,,,,63,60,625,10.416666666666666,672000,5024999.9999999991,134,125,1338,10.704000000000001,FRUTA,656500,10050000,0,0,0,0,2014
habichuela,380,289.5,2046.4000000000001,7.06873920552677,991204.06567630998,4466368.4210526301,,,,238.5,218,1513.3000000000002,6.941743119266056,1066247.8688957908,4519000,618.5,507.5,3559.6999999999998,7.014187192118226,VERDE,1028725.9672860501,4492684.2105263155,169,169,1208.7,7.15207100591716,2009
algodon,1301,1301,3474.2682500000001,2.6704598385857,1987981.6542879201,5327000,,,,0,0,0,0,0,0,1301,1301,3474.2682500000001,2.670459838585703,SEMILLA,1987981.6542879208,5327000,500,500,1444,2.888,2008
arveja,963,840,4661.3999999999996,5.54928571428571,2138994.72261552,4566000,,,,856.5,810.5,4320.8900000000003,5.331141270820481,1992341.7397804616,4580999.9999999991,1819.5,1650.5,8982.2900000000009,5.442162980914874,VERDE,2065668.2311979923,4573500,679,679,3879,5.712812960235641,2009
tomate mesa,777,755.29999999999995,12593.4,16.6733748179531,986000,14830156.7101986,,,,662,631.5,10420,16.500395882818687,750000,14830156.710198553,1439,1386.8,23013.400000000001,16.594606287856937,VERDE,868000,14830156.710198555,0,0,0,0,2013
sandia,94,94,1759.5,18.718085106383,355521.45495879499,2650000,,,,109.5,109.5,2336.25,21.335616438356166,343520.5992509363,2682600,203.5,203.5,4095.75,20.126535626535627,FRUTA,349521.02710486564,2666300,83,83,1682,20.265060240963855,2008
